label,id,0,1,2,3,4,5,6,7,8,9,10,11,12,13,14,15,16,17,18,19,20
0,285,-4.184030374827116,1.272822333337333,-1.1597114581599564,-1.3382552621855666,1.9326401033917948,1.9376188319411236,-1.1237132642146452,-0.20856383263685682,-2.134553997692991,-0.5606236830748484,-0.40464077138354604,1.4315853746756875,0.8003542803292186,-0.14736528117780542,-0.44733901542517673,-0.5408330554463495,-0.5508191980318368,0.22069348028320257,-0.663576859776477,-0.6138261126168111,-1.062367677183142
0,371,-2.3827344767009646,3.010177152549855,-0.08990202477278397,1.7752270659283846,-0.0024155756681653547,-0.9943119627456349,1.8353116467224078,0.7160604201798291,1.243481839364997,-1.8813456813682519,-1.7498748998326585,0.9383096207499746,-0.4422500026470761,-1.304465345158723,0.5403080343807473,0.14777163355641051,0.2848551075147002,0.18177788785426857,0.629939088094086,1.3483361470463664,-0.22420655706845471
0,284,-2.6335850253508566,2.2438023654917396,-0.4794210775519106,2.2950584818382507,-0.7862069795119931,0.706595620241078,2.342692419081261,4.127038378966038,-0.3096759854857042,2.302419689780981,-1.8715528277727218,-1.2264578200182654,-0.5433890365412658,-0.9594618290334771,-0.06656885956905274,0.5350787972740912,-0.731963174564181,0.7028754439161709,0.14797308196337336,0.1974609342055291,1.3514916252927092
0,457,-3.187176243657022,-0.48404411990144985,-0.18821963819509513,-0.4067761831892827,-0.5570147745927573,-1.8156921706800944,-0.49863579808822067,0.04685645395417132,-0.7187651001641243,-0.6104574557619733,-0.17896495717484812,0.562981344353074,-1.9534782872346423,1.044322201584301,1.7980780718404905,-0.27978881898936436,1.1149303943072135,-0.6478882959477831,0.15175224421785627,0.5128117032757576,0.4462493913047238
0,80,-3.375880059529091,1.1404987144968242,-0.42356332835255794,1.8953469747395324,-0.9243627998277757,-1.4287921536800319,0.7171669409848451,-0.39786567337436973,-1.184427977419837,-2.076621133268227,-1.174997075798833,1.3706820610647883,0.3885486759925019,-1.9969326677162806,0.19586122377982543,-0.26751995920642985,0.3412351349336697,0.5317269132107026,0.5418088991463464,-0.975514835472913,-0.5807228933479245
2,18,2.82670774528433,2.649165939621142,0.8926946407952173,0.2970043079190418,1.138519913892651,1.277773043126848,3.1806109939915257,0.9108428454041837,4.0481640650818616,1.9914315454927025,1.0551426670466877,-0.713927727225261,2.3864106561780245,-0.9072482076037142,0.40560539110137434,0.7768923330839653,0.009383971618596287,0.39124132138043,0.08219311911372514,-0.12834386546639182,-1.3446559573894157
0,1,2.2691432478857023,8.251326539164623,-3.5439181454108866,-1.5989638602106302,0.8714145320743323,-3.05886610665856,1.0575441766777458,0.9747462886819587,-0.8513133055705003,-0.8577593384645406,2.913041806930447,3.909108901543848,-1.8225297062252195,0.6214377836478766,-0.49166473655561044,-0.8789201878052834,2.597827088971048,-2.3009453599420273,-0.9138267514137823,0.2753403699281234,0.5037400346346683
0,253,-0.1605807234293504,5.9804916804212205,-2.8417696007922073,0.10764162712145672,0.4781671840107721,-1.7920324771141822,0.9026906212738327,2.1248645921760043,-0.13955816569021998,-0.22772045243872588,3.911886749194872,-0.4422678187184822,-1.999131271965966,0.23425529658603203,0.8887665114653696,-2.1540692425843617,-1.838583025036622,1.720464259105589,0.2648996460587458,0.9268003455752433,2.4712277909048908
2,164,4.319515249816514,-6.089130949891842,-3.8846090352922666,1.237064743764299,-2.084882764791909,3.8523378318384354,3.9793166996263007,0.3943302242415393,-0.7183504216609486,-1.7182240507401427,-0.30201228541120856,-3.293498645953876,-1.0911593498369283,1.6370621479222582,1.27958373613262,0.24801211459884456,2.112649940316744,0.3107121455380701,-0.5244618046966624,0.8848244330878156,1.7103460793560337
1,282,-2.785649933919978,-4.296844048572768,0.10441364112914092,0.9949638528181405,-3.3862049059609003,-3.4812392318757523,0.528665405154581,-1.9476971359438835,0.20904971921579316,-1.9648469481184412,0.4615261782966105,-0.9956199115091109,-0.939080178889235,-0.1039450717841738,0.46199320573344127,-0.27418839670998024,0.12999883364307394,-0.8876168733540178,0.8751037902056544,0.725381370342853,-0.23358087095194582
1,270,-3.924507155602111,0.6772632356596716,-0.6844993226069305,0.8009669726457243,-0.28875624950743395,0.13365299124716334,1.3031247271644255,1.937577876814596,-0.7758174381536529,1.0266465610085,-1.1671509944226763,-0.48450150654825913,-0.007632691387486758,0.06051624271051298,-0.8107511694297386,0.1948490643969835,0.09028640210026471,-0.2402672518892562,0.44910045468402465,1.7223694015190985,-0.03576825015544918
2,207,5.557559104959158,0.07095874116295028,-3.557446005938546,2.3605752547552017,-1.7755767363337496,0.19898737791906296,1.369516509679872,0.17803750108357116,0.9626496309573664,0.32397122895808267,-0.35522149213075566,-1.4076852775898314,2.3388454338426374,-1.0430542195288142,1.3803337761822763,-0.42133182287769627,-0.18412797893611885,-0.8534868500747008,-0.5745203206923825,-0.4991275873516731,-0.14332738642169807
1,156,-1.9535915149976715,-0.057361102001681985,-1.1417973659030667,-0.6246497871614387,-0.29440049560133297,1.1866353899863407,1.5165081312134243,1.2860252682273554,-0.02111751935272809,1.6790651970844217,-0.3362280135066356,-0.07056528225678059,0.4905316084310332,-0.7708377382110212,-1.7448344138304936,-0.09029683745069246,0.0023879155692149907,-0.45799190174731963,-0.5978088781904163,0.4202386448297432,-1.0073440485240615
2,75,-1.6074897100398973,1.241754462185624,-0.5441717359271616,0.4997047430300314,-0.26864514438672077,-0.27796532616299113,0.5665934860872481,0.7615296925995356,0.9273686971371904,0.42899409067278305,-0.3344617862257672,0.29012061578356596,0.2150406884847409,-0.6017862329314786,-0.3876392788572991,-0.22881733245500374,-0.13887588177776328,-0.891285929868798,-0.1555287446709907,-0.42169935776823625,0.1554676224969404
2,112,2.758819558565456,5.33075383585351,-2.949892842256165,2.2646844272859257,-0.33295776293307355,-2.2102944162085647,4.225798477932559,0.6627022815933811,-0.29175716645356276,-1.708830370116875,3.541429459305708,1.3733560916200984,0.450584514100423,-0.6556527145173864,0.43895159121373073,-2.7383744036927635,0.13625937833540247,-0.41392027982643553,-0.9133221058240266,-0.8157465249537009,0.3509753089765846
1,409,-2.930872581981392,0.6498992873455982,0.6064827171133405,-1.4713720083434703,0.5697758088749206,0.6059500614176706,-1.0406968255426252,-3.126195626597568,1.7069534674368014,0.11095456542677266,0.13582133464825236,-1.3874332862654923,3.3132953271475385,-0.9343354917369586,0.1232945129651758,-0.1558266134566538,0.9214279059221656,-2.2499001693353797,2.155558642631769,-0.23905220657148052,1.4017800540385568
1,144,-2.035312420969026,-1.2436442663574163,-0.3731380915587946,-1.92281837613665,-0.5580382705659506,0.18997871975289077,0.4263886205854245,-1.6172348088572146,-0.1417724016518084,0.6897526982426978,1.1420921681844876,0.4796493381688371,1.4643215908992238,1.2817523451149913,1.42681646998579,0.5104854711984731,0.17255526872112925,-1.200324983512136,1.4863989649697815,1.1719084000726856,0.36967785293778005
2,298,30.258564063102963,-3.6442710442467114,-8.980575240147678,20.37295796854398,-4.309282384620005,9.73470860963964,-9.926001955800626,0.3172361519863364,2.732954052329233,3.5152591690191723,-2.91509784446953,4.593674908813195,-1.9454987366887901,-3.300583113776557,-3.0094726024056264,-0.213334247344709,-2.0540967482657138,-0.0788437131618369,3.4920873105056556,0.38597016980257703,-0.12049297005490266
1,139,-5.254714932844785,-4.477769138453324,-0.26514844304167023,0.27071471774081896,-2.6956313439034183,-2.748540443626474,0.20605414596614413,0.36946350752470064,-0.12772643914681328,-0.8862282746937485,-0.16764507965063563,-0.09581234035751146,-1.5102732915494346,-0.5154321939820471,-0.1245745099044735,0.1733376152194515,0.8131606051752939,0.014344262920049863,0.8175550145353302,-1.0433326923055994,1.1643445841191538
1,109,-5.424779076982734,-2.7964727646960377,-0.6722591331071419,-0.960049304272651,-0.17353632007855213,-0.41769342429348816,-0.7890624274655528,-1.7993478422961475,-1.3448010513529842,-2.1177884523047514,-0.07209710423465496,1.1746433756739703,0.8601410205529866,-0.08894735040167037,-0.21800151380798616,-0.7703834819599832,0.6455263897215553,-1.1637539507871568,1.605961690513895,0.13957777708093852,0.6077594140195445
2,423,4.192420944264285,-2.5914907081576226,-1.2236820122528205,-0.6034514159281857,-1.3081661343394375,3.0918945580475627,2.96128857229026,-0.45446390943228704,-0.05093302677040647,0.5708880435081086,-0.3317675334735023,-2.63303578982423,-1.3656200583084468,0.8130170877618506,-0.7806874765436453,-0.6257199389360913,0.6884086563933505,0.22476889170111186,-2.270845226159645,-0.6607982006502083,0.3425784393485573
0,232,-0.8720841355915115,8.472219684421677,-1.9086201962997094,2.6992109642861672,0.49312873989513334,-0.7983036671591616,0.6457034826807786,1.4653850618859232,-2.8729296148197245,-0.062335491760391486,-0.7936442507528008,-0.7690703936889108,1.1914932337608988,-1.4658365225838668,0.7531308039981647,-1.4965919036491973,-0.9479117528795193,0.17484147857027943,0.8242844317389337,0.6333457280247939,1.405427474520923
0,319,-3.3313335128246657,1.2034410700386515,-0.02966124033993337,-5.008663024083555,4.375846467999408,2.6602992927897584,-4.880870264241782,-2.297105665022145,-0.2727579940632658,-1.2462172622304688,0.41148818528223247,1.2857161681803668,-2.467091373211644,2.662915194576915,0.9515748859439425,1.1751711746466587,0.4248145964231224,-0.48990069195049396,1.4563574775336767,0.5850874451147879,0.2740669367941147
1,59,0.6854065351796967,4.5607152262920065,-0.34538472599032083,-0.9026318938552245,-1.139509286205344,-1.1879321424940967,-3.0833163225598645,-1.4207219322848286,0.21255278327789048,0.7077279786106532,-1.3197069144599882,-2.6320426248601456,-0.6923436250625563,-0.5119962035798,-0.016503523608590847,-0.41138745057401477,0.8628390144213176,0.035971289853980404,1.1742334451407705,-1.1058428734317596,-2.7996165924670957
2,326,4.398121768028507,-2.9946480453270454,-0.1349116760288307,1.0903418913289369,-3.360557843549109,4.718493722916282,5.802497206261615,-2.784153739882687,-0.4470690578310698,0.919387759998116,-2.512027877457314,-1.9170677087946146,0.4886983070646243,3.2520694321459205,-0.5803762541648724,0.4959718656701513,-0.6943643732994141,0.6499325225623339,-0.5393077043637633,0.6579067860875472,0.9701293577543455
0,132,-0.18843902912492008,-5.067057117903388,3.4507091101951084,-0.18847938953232063,5.162776594405779,-0.8950201443935852,-1.4564209507015962,-6.256039892331582,0.04971645653857837,-5.819890751334412,-2.2438302296314276,-1.2233199693658672,0.4166809097582547,-0.20894510177235107,-2.2216489228227143,-1.5159585004352967,-2.558732340016088,0.45038882070014896,0.7741172074954988,1.1377113175949587,0.9351588673940302
0,46,-3.7669164533790553,1.200623494370477,-1.049038888072066,-0.36557681431851785,0.48433815630727356,0.22339125873420476,-0.11978084584969052,1.5171230230293307,-1.8741342277000597,-0.7000229995777971,-1.4010369330840042,1.011062557052632,-1.5980019649468094,0.21052959789390632,-0.6564517526076945,0.5228175275104467,-0.2727906172607894,0.6132234955814507,0.24825550884793424,1.397317794370653,-0.5823298136558962
1,85,0.5657023274912729,3.596315325038716,2.5341563174854085,1.0122936112098802,-1.2227465272596179,-1.559301903694161,-4.0875011846455775,1.0741654721753908,-3.439026437074105,-0.9530021575651307,0.48725702551807487,-0.06140898198197663,1.4714427290636252,1.9926385512105294,2.668973330374752,1.8549218657654771,-2.416291014514757,0.29191993771213703,-0.5794403988583969,-0.672836034296006,-0.9620251841161707
0,247,-6.258007131694176,-2.297925285074005,-0.09576488174193047,-1.5620401830595123,1.8433732148017585,3.4547685166368476,1.2744831235361,2.2079688012055017,0.022838175112168686,0.6112031343469579,-1.4400823242618705,1.7178721970768658,0.3342577844533713,0.9117690442664154,-0.5012397034007987,1.2439559489269618,0.3745131345663755,-0.33440758545376414,-0.3817234441810194,1.2185841496217669,-0.0011430520405222998
2,91,-1.544978776354867,-0.7204894566656089,0.4896137754303627,-1.521038909758376,-0.42894138935454085,0.3817606564818762,-0.9540079256528422,-1.3121463628030672,2.754400682740919,0.14824264496761658,-0.2395008934225129,0.039310019270857796,1.3907795066981612,1.44871727914138,1.7774039135343684,0.14954634942180978,0.005605457770908888,-0.36974449827369976,-0.6353612600015678,0.11907949055130783,-0.23089911310338013
0,21,1.86021645278352,0.32030723018084395,4.307439558602066,-6.354411350624652,-4.146882447756847,-5.100710008194005,-3.8476580371614544,-3.4967465444105263,3.6404595914929683,6.155772110531657,2.232031057018992,3.8722548656549596,4.86956895494202,0.46451672213634687,-0.5762246785522518,-0.49366409386948124,1.644740886976336,7.21968632776905,0.21500247957357888,4.260143316642536,2.927542153032326
1,469,-3.4858730576773276,-0.521234284028621,-0.3212715863670855,1.7587022531070475,-1.1462427856196618,-0.30544206866138723,1.3635001618641822,0.7022410197558687,-0.7280811826073265,-0.10936778359824616,-1.542681338454057,-0.4792169784173353,0.6723112708503793,-1.0381904426048658,-0.7409973601045674,-0.6210339660132171,0.23737309612201363,-0.13560520034509485,-0.012678842798290863,-0.24424769344721436,-1.0137143583894452
1,442,9.05820909175623,18.203006777664342,2.9441814357273532,-0.07492944668974355,6.375915474353918,3.336976335230906,-0.03162225562727634,-2.3572637690110496,10.153217424201033,-4.529530059406155,-1.7276765536770273,1.8650590026475957,-1.541056343206502,-2.289170248247151,2.228927808801402,1.2463171899964325,-0.11388790116526355,1.2669575003761213,1.11016015922416,-0.7275650565938695,0.6203035104693694
2,373,12.544964005527925,-5.316026971469344,7.066521528030713,1.9488911691548945,6.053895590778633,-4.701556268376904,1.8223011182371676,-6.7920836387037715,2.0704484967917605,0.4289886287003069,0.40257054492292454,4.660009199667979,-3.9665095775934733,-1.7384994776591345,0.26122361337663846,3.384240855891525,-5.605544649122405,-2.560125797022045,-5.530448069700156,-0.6526504904467577,1.9260049543729123
1,293,-3.3147067264138856,-2.0434545433261873,0.2778253567074854,-0.645811053291025,-0.9268448916587302,-0.2292674192515482,-1.8145474846484553,-2.3251531203838525,-1.4149648921578097,0.8405468224752323,-0.4491445053435604,0.06825156108742227,2.3719793197645127,-0.12000536336188494,2.422960108599909,0.8025328662907395,-0.17670228299042035,-0.30253062607249775,0.4070286023326571,-1.2167490660725828,-0.4204108367640773
2,2,7.890461488665986,0.4251467914782044,-2.208463509760571,0.40141653425440604,-3.1825565804476157,-2.5217263785649733,2.3439500102112323,1.1038630030415184,1.524221110434917,1.5248255597305664,3.6482965563587397,-0.22322262909580196,1.4786933507993048,1.1098025937102178,-0.7757187513201581,1.5750937626498114,-0.4590937658601029,-2.1717587716259423,-1.9937922746313732,1.0142837307207961,1.6434078100410927
1,228,63.95441999319027,-11.209366354502935,-2.2796311621073584,-21.734462897084896,-1.1644737140928894,0.038686262281069056,-2.813898813827525,8.929585762456844,-1.4210089756547268,-2.514538159783396,-2.0164925016448327,0.14049578975211593,-0.7600713710270732,-4.456191979626916,1.8060981149160111,-0.7626642173211478,-0.9762922465949391,-0.6909354365842885,1.5833028144096557,0.28823571954311233,-0.2961995731264076
1,360,-0.5741600181517567,-1.634709248202637,1.1999216619407713,-0.9428152157327911,-0.9133316655044105,-1.920401281020154,0.3390722727024653,-0.008811450956048269,3.0096458802094346,-0.07553424109331938,0.7593420716223998,0.11407833807162876,-0.9527621794408871,0.14254568940839127,-0.2855972847561777,-0.3743170219819064,0.48095104357587937,0.7693233563472152,-0.013393601678985153,-0.6833526698196816,-0.32426268738790853
1,365,-3.082629028344124,-0.08478633768005688,-0.8904291864203762,0.5281426461697731,-1.0847305919067678,-1.1461908522899078,0.8891024087825898,0.9778576721755166,1.0392888693965978,-0.29465142871040506,1.3521169878146448,-1.0858736930555375,-0.8908322578458162,-0.7588306801859638,0.24857717275302174,-1.1907388140229762,-1.1276211850513813,0.2294991298597556,0.05422163676589553,0.6437450456967073,1.2600111482773484
2,462,-6.483747020075985,-2.8333399688827887,-0.010353397793812355,-0.9296161077307462,0.7869762818389795,1.915900474108278,-1.8124771024593782,0.2045056045841324,-1.5681879260937217,-1.105869760032966,-0.9746876904167691,2.3121211638373995,0.5028694651665818,0.11508052057614702,0.9744104463160874,0.1699558975317716,0.4819636083532009,1.3302379421347212,-0.8487476081780249,-0.9051780731602653,-0.19535535407081842
0,294,-2.87662547807442,2.6640655398542985,-0.7360920173773636,0.09135678188148233,-0.2807203133534316,-0.34807632135845007,-0.5264693873776378,2.1082627419874034,-2.9078897036367373,1.5371986551398162,-2.1865180881097395,1.1546657592587588,-0.5260653009079298,0.297650229535429,-0.013823103190033678,0.6141441572184972,-0.3842702311739016,0.5927943648764898,-1.4021441110481918,-0.25692208817745427,-0.7361514242000519
2,114,-5.435092707883578,-4.223415020891696,-0.09420396785759337,-0.44565851100893206,0.38195023179685,1.7180918481953418,0.9376112271899951,1.0600055385991962,0.9783548493720566,0.5489009426867035,-0.5075627219501387,-0.8545864435781202,0.1458024599083563,0.40307096370529677,-0.18332379772141869,0.6683682203209855,0.19001664695765616,0.560494153506064,0.20418938684307134,-0.3256959867069747,0.4356751129194908
2,297,26.748144646816407,13.131303392021032,-6.35164473205108,-1.3415735558926254,-8.71218798281193,-6.977488198649449,0.36175232229359316,-4.062409184689895,0.4963794192106863,5.160672570825737,-6.913379350282571,4.362378515633031,-0.5105449408961344,5.14696441321364,-3.5818743268732307,1.6400026540004384,1.1799909080560778,-2.781655128589188,-1.7558479986663007,-1.4190306813236995,0.5144468034759485
1,388,-2.4530978671954364,0.9657230112911834,-0.011049965701941571,-2.8014043766508583,2.320922697017679,2.5523153324667613,-2.2344519697614533,-1.9288428988848043,1.1363615217607144,0.30622016489492093,0.21299474934093018,-0.9690296703789225,-0.11639290405266611,1.6821976959658995,-0.1303563895599036,0.8350700669607601,-1.5965578342999307,-0.6632186803157251,0.6063696482891131,1.4833243636233502,-1.1467004946947128
2,315,4.424741415378341,-1.7413192337430514,2.4073546072703866,2.2987778404530106,4.495385067049286,-2.0208388788089566,-0.1814118897526816,-2.2134933923684854,-2.7831760845933515,0.14752546460369892,2.4797865050935144,-1.6634015376069082,-2.8217017012880543,-0.20913473480656208,-0.5704010419677075,0.8363551984550915,1.0682752089652778,-0.47171549264836515,-0.31745198290333815,0.7712354032515507,-1.4217452501128762
2,77,-1.8262232172563493,-0.42747907389262,0.25893081048923294,0.38181286129518616,0.21725739599718866,-1.6058985623301176,-0.05451824444351649,-0.3653568596698064,-1.490002962608381,0.13884225076591758,0.15816249767507598,0.6581934992122189,0.32385227220890184,-0.08310124047643463,-0.019283604567210642,-0.8192316808737388,-1.3821773726533646,-0.42137144720134245,-0.9667061756015884,0.6836105995027086,-0.07976272781330339
1,361,-2.08594620981509,0.25609422609898,-0.04077932423921268,0.8290299523777808,-1.4769564948773297,-0.26158997613457985,-0.17749824939562117,0.9102916055330204,0.4487502944862873,2.649383341704743,-1.5949591939644843,-1.3986805981576131,-0.1506336222516542,0.43397895739305276,1.5100288303293339,0.6527997243235891,-0.585026967902082,-0.5175259304833307,0.05863141185413411,-0.20837165352082077,-0.018713372241604624
0,153,-1.9963391454048411,-1.2500372370056299,0.8935346072488647,-1.6227034726475946,-0.2342605066807401,-1.579770523368374,-1.4919280328124551,-0.7572296004936985,0.38199689801820796,0.08756604151406701,-0.1318382713252915,-0.6283973440124937,-2.1463819429390774,0.9472312682403818,0.11447370276443919,0.5978337364116483,0.9719712450702565,0.009677581993734257,1.3609179225880688,-0.26864925686752705,-0.5134026014495908
0,214,-6.285038425468466,-3.000583795587187,-0.18216764844378497,-1.0435479905433782,1.1949071052383582,1.0928038127086122,-0.7422808173359053,0.06024160706048461,-2.0695986690277985,-0.9050957135075273,-1.3409543834751927,2.6761003520992244,0.5667518210870509,0.8336688874844821,1.5367952247806622,0.04697828616071522,0.24585312557670824,0.19681496717388883,-0.10731232933919449,-0.309338783688698,0.9396073324948474
2,143,7.629023557383467,8.594260903171314,5.989661577770292,0.8898864159056629,0.44703764180467337,-2.840285509667,-4.997982086514099,-1.8575036862080136,0.4246402008196119,-0.9921895950574718,-2.600059462820375,-3.1273742020149107,-0.18089843997973723,-1.1930130170342665,0.8704134474190861,-1.7148404744680783,3.4008538274822935,2.115749898252249,-4.422477872564585,1.1733500113704274,-0.8488572134937319
2,36,8.381394593731475,0.6056588023962941,1.5593284066558197,-0.99316355451837,-3.2112978659892213,1.239322716389042,-2.0347516297775927,-4.2916747125791375,3.6120440653024883,-0.2545850283258237,3.679318226816418,4.426882507050147,0.37437653421641026,-2.4661749995991666,-0.06799000590425572,-2.707180432163133,3.559630987677291,-0.6877990322523432,-1.6426871815892496,-0.05826880276433815,-1.9881047409737178
1,211,-1.7027802245842734,1.618571388768231,-0.32347592627088423,1.4812634047350042,-0.21910683730797204,-1.4428137192002681,0.49409196540052897,0.2010893057622742,1.6273058233908453,-0.7713875816384322,-0.8048425315854459,-1.1650711133596334,-0.9520899547836154,-0.501381469937766,0.38529765699209295,-0.4832847015849901,0.848803735775253,-0.6505855128152731,0.14750157339495013,0.2007548212587359,0.17627558696357776
2,224,0.46349900292475943,5.770446519066323,-0.7490234881569694,-1.3098575036264886,2.3001021706636644,0.25590232278390757,-0.25285394264889444,0.433325944506033,1.4812992720344218,0.7373871032838747,1.9047584437790344,-0.7352982542699833,-1.1506247435030155,0.22995609737914038,-1.2908995752919916,1.0962140456408036,-0.44273433678766755,0.2793211942752505,-0.6806723547317396,-0.271822302890981,-0.8624131992378989
2,142,-3.840984299518676,0.9437091318237741,-0.6440047070754488,-0.7103820771405228,2.292809619094279,2.7902292744299086,0.6931263279618077,-0.3792065986503733,-2.3018195970985897,0.6734190406339369,0.15903575055213967,2.74267859180597,3.67736231257322,-0.9917999390239078,1.1584258817583828,-0.34848588409325176,-0.18614192986969808,-0.42184746189713757,-0.3988355772703541,-1.7096231968148086,-0.030703148202421888
2,318,25.779946334438808,6.196270011240813,-15.36797817443681,0.3318402583646443,-3.48889109047938,-1.104368151354377,7.76024726836146,-6.089336219272331,-6.266879289068188,-8.232144992757792,4.454488937859715,0.2834659278265604,1.7999761745520608,0.329635487853865,-2.2974205570477113,5.928435341441145,0.3794066249874011,4.016741464244331,0.6239827605564241,-0.7525721848258153,-2.944579587710598
0,97,-5.611985194803234,-2.2632137154286225,-0.45381704175312865,-0.8827187086853591,0.712463976563235,1.3198755609227448,-0.007566301461945628,0.6109521218902774,-1.217925324382214,0.2212250503721427,-0.17889573050153856,0.25046884867313207,0.4326637106222186,-0.12486627198741318,-0.05880375409290115,-0.5127843522984582,0.08449509586375814,-0.550042237265717,-0.04818933127289236,0.3202451792873171,0.09761576623069392
1,433,-0.20956236693945765,-1.1619611256917277,0.8358708080769538,-1.6261676413502397,-4.237056607713056,-4.924735415760758,-1.0441922180831207,-1.1836520282545153,0.8649253466664261,0.7841908955979788,-1.1366361329694843,1.7935641335978443,0.01565480655136989,-0.5694359942241477,0.41503594922843656,-0.22177139626092962,1.4780640119668758,0.5050613290348083,0.45923600597125513,0.3349367993221543,1.5923245909033594
2,314,4.131453282932746,0.44785355377774333,3.951739593075582,0.24234231044616406,-0.7043248763235547,-1.9960682417160547,0.8044517616930308,-2.585005894312573,0.37440762793029203,-1.4959375332311229,-0.20630167433446162,-0.17697559956927408,0.6664118033356049,-1.1115576405663496,-0.6322235777263431,-1.4782233454732363,-0.8214065161775544,1.0293899794380965,-2.269416588431558,0.5682490077820898,-1.138154641420033
0,84,-4.442289039136941,-2.91409628835323,-0.32516206094530564,0.08860230324782702,-1.5856067750450262,-0.8089054591865102,1.292604018812904,1.7578440008988654,-0.45817310369454706,1.0168322643221215,-0.6028676789115315,-0.1467463263371017,-0.8161158881428052,0.5605580324803714,-0.10366756107568717,0.27597042255192145,1.2671370267799777,-1.4504938570160928,0.40426526673573787,0.5863350899633255,1.0691889551300011
2,276,4.80438137297245,1.6651893602877763,-1.8650509586867823,-0.8021021230029014,-1.1540666176460779,3.2869592037354063,2.030705233024593,-0.716661367517319,2.0697572982566155,2.592530456524614,-0.42008407087476535,-1.9242386355441206,1.3968482320498106,1.1776480508603602,0.16847658337889787,-0.6072032195769309,0.2675908565236606,-1.2457627187889047,-0.15502527555354145,-1.3842955058547346,0.09899690958494677
2,123,-4.494621496524685,0.7998080408871023,-0.6159114541639031,-1.427525158173457,0.5400107777934979,0.021644249647773766,-1.8984210854122745,-0.19076099860823942,-1.4012324556221285,-0.7648230239893414,-0.24870260510546008,0.7831964630073841,-0.8926557330803973,1.0713663427740827,-0.09949502002462593,-0.4434549752065423,-1.0685479929666495,-0.34817728294949507,0.018522555756051735,0.6027640952099235,-0.03025591790499435
1,352,-0.43088295038469987,-0.5260103004943741,3.308024300594839,-1.2516337925872478,-3.4389154044851353,-0.5314827485038843,-2.0707523516183657,4.026907804055886,-0.7935572467516745,-1.5834145970162359,3.0486624976750405,0.5028196792481502,0.5043365719544419,2.8790341329730085,-2.203141685120127,1.3686505991166924,-1.3115120138945042,-2.2076322299783127,-0.6672866353443714,1.5047180804252887,-0.8576282385949517
2,191,-0.2681987405159333,-0.23815769144751261,1.0983539294914904,1.2458634348725883,1.2429140500772569,-0.2749510730344745,0.6429770316375126,-1.3144121537838165,0.7240127028933228,-2.341302788622297,-0.37061853417311064,-0.5893300474519501,-0.8338779315047881,-0.12093368608168112,0.5973025055251691,0.04299342699845066,1.0000118494558792,0.19930779432156615,-0.14854062697800396,0.6520463806357044,-1.1124720895536302
2,453,-3.4662261680027693,-0.9181244784564597,0.21849989878501969,-0.9713925379516022,1.9936722015170918,3.441573287792723,0.31563039089759554,0.03549918298460243,0.7451036495093303,1.0085032480168974,-0.22818310076918108,-0.807906491392607,0.9609430554171842,0.3284561242533932,-0.6393592613584301,-0.48949214737784597,-0.43955930947278454,0.0027807830048203106,-1.7960380160674307,-0.5170044980432551,-0.936563038893995
2,72,15.393611395700793,0.12340717190152699,-4.97656396031208,-0.6729528043338484,8.690073846188705,1.7565660545200246,-4.175237833260584,-3.4203492404987954,-0.08005193559323118,-0.9829144031671602,0.4567354108817017,-4.085656723924805,0.24138312965436035,2.6139606600657053,-0.6166722595229682,-1.365800758614018,2.620088354822627,-1.3136412264729784,-0.9080343845418081,-0.6055034672384193,2.799242019360334
0,449,0.4432707868969613,3.9852096720701136,-0.48681209766149514,-4.754105847677313,4.48590099853893,5.1560347448450905,-1.1276312151984298,0.4905065517130698,0.9290700213302765,2.1185372991079383,2.0849575822418616,-1.6775874395910204,-0.8291665029678337,1.141400850141753,-2.5000928414094044,0.4387393287318557,0.5801603645627901,0.05628757186356452,-1.1048001453025065,-0.3099309010501998,0.4906297387566804
2,304,-5.092666504198119,-2.9698469118208743,0.0947604740658786,-0.4688091420224593,0.4940624248141327,2.1693096547300725,0.4296581757556782,1.9094458008703166,-0.7443501159075158,1.100691342354416,-1.5448002166577939,0.28450711336432793,-0.18378744203953254,0.2914677764695563,0.35197537768608994,1.4784246324682069,0.22218455571402063,1.4683238821733384,-0.11396631694805326,-1.7158918065104507,0.49949611692721263
1,417,-4.2983690434678685,-2.57082272589114,0.3923406565881293,0.43387587674711314,-1.0894277894707614,-1.2093838683855413,0.48617162516735196,0.1638878074631556,1.2881047301361566,-1.3674109420049847,-0.9626745527881893,0.1219020018914323,-0.5215558446457969,-0.03085097217314295,-0.5425617355300136,-0.6861321551231352,-0.6475631131470204,0.05262158607118889,-0.17129037202058273,1.3449579183745302,0.0898316509288506
2,399,-2.11829565798353,-1.6204171360804345,-0.5116955650679881,0.8738925572231842,-0.6388327233677603,0.4412207189291058,1.3418747372154756,0.16558635157959273,1.242522810974478,-0.4498650090573793,-0.4283135139330321,-0.5293574347946167,0.6646086581169314,-0.9601726907901934,-0.3781172214906005,0.3927915657493549,-1.0366459675920037,1.9092209427334466,-1.1190418164857814,-0.9022221793817042,-0.09837394308470276
2,450,-5.759377055322672,-2.0603900252847343,-0.5468890897707926,-1.7786325416047453,1.94147295895606,3.134186326283147,-1.0297959981036244,1.2970630727749877,-0.9722984175774286,-0.20187443043026945,-0.942484561836911,1.0453448572490731,-0.6528418945031224,0.07659126399148344,-1.1296705640650762,0.20997972875180018,-0.47986313297203753,1.2194429499208201,-1.9486821381065655,-1.0416308254879778,-0.6029345780561783
0,203,-4.019776343715567,-0.2202001991191636,-0.3852108657789331,-0.2807954198112853,-0.030666801341433927,0.1415638031382859,0.013147219311094917,0.29107379422675594,-0.29522077142721154,0.4328064396554296,-0.5283550112301085,0.11656654844334838,0.08975067992734774,-0.15532764914996783,-0.5565207051415844,-0.25106635901449587,-0.4612356131718712,-1.42125957626904,0.5103656626386514,1.182503190595093,-0.801120147169385
1,6,15.982954195375916,-12.82117721542255,-13.93889506548117,11.990620351747674,14.325934667544194,-10.03920314203975,-2.6831644636423775,8.732701580062274,5.31770893949194,-2.991559094723309,1.8488922258747165,1.789405430677178,4.7866502347966655,6.467208334688185,0.03505437476915083,-0.8010925673720293,0.957333364691222,1.3057157946199234,0.20692279307363934,-0.5899951036860186,-0.18828315352398306
2,58,-0.5003841299840633,3.65959833996481,-1.266125155092142,1.997182299596022,-0.01672347254594521,-0.2332394901086642,1.7362668018960081,1.8054392203370282,-0.5293680815693664,0.02172024958616281,0.10428084510945491,-1.082217080206785,-1.1464125843015782,-0.7825685319482981,0.9215391035775904,-0.7574972525389485,-0.16514743726548062,0.944448066231844,0.2867753241273049,-0.32116822596195954,2.1082987091971996
2,213,-3.430687742656487,-0.8726172315017588,-0.6764000309167101,2.222987004940648,-2.287967291648351,-1.9291306542539397,1.5631908449278602,1.0143257457302195,-1.4193468451844704,-1.802889945798399,-1.4654919544288043,0.9182002426532311,-1.1962782336278306,-1.2117300439783603,-0.32320102200009054,-0.5169728542521755,0.8694573168227464,1.0835900605358224,0.23841671981146087,-1.2511226167245515,0.22274955693898632
2,280,3.7171917274214334,-2.5551927024234344,2.3096331086766804,0.3295170427823845,1.0175835811880631,-2.665525521037561,1.4253451149361234,-0.4260206787997463,3.1964863917224107,1.627613676133834,1.2211871822040483,-1.052299148841283,0.3928650023493295,-1.7189405835520983,0.34247033888711437,0.8363318198575154,-0.31316016183932177,0.35931427846475106,-0.12601588219625182,-1.775710057531549,-0.27451070490727614
2,196,-3.4386499405782875,0.2309225466934953,0.055250751677064655,-0.18412790381233152,0.014016472440874157,-0.615191997530163,0.5249803649535314,0.009241487593968443,-0.35058795495081346,-0.4242858539589392,-0.49570108825552595,0.9582160562358306,-0.31912586579522845,-0.8943401250575134,-0.5662447450484613,0.3453241677213279,0.28275733202123804,-0.708195788043165,0.7479452861841949,-0.1551330025409378,0.42121157404804144
2,310,1.3177484390224246,1.468598573714686,-0.29885660233919686,0.24854029671844036,-0.5629328293497011,0.7640193254424279,0.008706457326709298,-0.3609945843926368,0.6094824537285808,0.8880719096813757,-0.0660988610297782,-1.0241501587539703,-0.7162049022751795,-0.0760628891477653,0.35965883632800216,-1.0397919787385361,1.3497277088650372,-0.983806929243895,-0.10718168617172316,-0.1671524154782869,0.25427695541306167
1,107,-1.7528074791170567,-7.854760571233242,1.298577302334043,1.7576129842041992,-1.8877301944682077,-3.9311345346105138,-0.863287968482457,-2.8787598038210267,1.4015011206366763,-2.5159691865224993,0.42699432878543303,-0.18222543128234883,0.7887207212691286,-2.135826575865442,-1.668198753493776,-0.6721522721291675,0.4699883561405399,0.4217260809673863,-1.2891571025584265,-2.674222504147968,-0.2052448127063962
0,402,-5.585230917846593,-3.6175465203963704,0.25037370487661215,-0.32387421213582535,-1.643044323506236,-0.5862601235247902,-0.22730535701888155,-0.04481020459638411,0.24079411269628528,-0.5284392141580668,-0.8082017219498685,-0.01376811332563781,-0.438952054554148,0.04026530695956409,-1.9584887226312135,-0.4682654222735644,-1.667013615886069,-0.39019752939383845,0.5306073210847628,2.8038786956406967,-0.730654097146187
1,392,-2.354865560322981,-1.431505152818568,-0.48654317947702846,-0.059752391864638196,-2.107747377499218,-3.345484286046471,0.6644830211029602,0.2065516012740261,0.6951076111636744,-0.4216258422364982,0.8997873787207388,0.2905529075203053,-1.7453360024091098,0.20943107310539644,0.24702868166748138,-0.28012310532621004,-0.15581883898351903,-0.193858706604391,0.3202600401944638,-0.13044956381352876,0.4863221347230063
0,227,-4.665743149319006,-1.565924112943928,-0.028271728188748013,0.18039614762743908,-1.0875109745362335,-0.7633325138767845,0.297246492875062,1.5419887056169883,-1.000369210629068,-0.40831957083366177,-1.6375156711067844,0.4837646442794147,-1.8675263433521294,0.013259233389333037,-1.859914836244659,-1.0627795526941783,1.700740969904443,-0.28223388076896877,0.21602334793558312,0.21792245155243758,0.18587273936007906
1,289,0.24912754999130074,0.7057653021132204,0.4265612484758607,-0.5880257241682275,-1.1668479487418892,-0.9069488724719986,1.6113582876803865,-0.1348265567315556,3.201573538431618,1.9162278919029145,0.609031422247957,0.018288772777834014,0.6185611470276239,-1.5696592698276017,-0.5750338340290134,0.4728981808813534,0.68820157450149,0.46803965692707716,-0.10633745248712131,-1.7999747481424486,0.7546064824525626
2,137,-3.925802675475161,-2.6543196989099216,-0.462474630179272,-0.5761188537619579,-0.09118291618651544,-1.2937173171073204,-0.07324232984943252,-1.6795853888038599,-1.8419340407773068,-1.5895120204009332,0.7207124127798316,2.920775089359611,1.4476091493737253,-0.6698769820770367,1.2777880894596052,-1.1672801210647363,0.060261977569841,-0.7443520710287429,0.5372110161464159,-0.2957800414028548,0.7712082071556444
2,350,29.40925120716492,-4.16655935619154,-0.2189814846012462,4.243135666797137,-1.4180292825042846,6.489324948636548,7.250436552252927,-6.34475656082508,-5.0712502007652835,1.0344192101595433,-2.15660239757393,-2.819698989707108,-0.23004779437141804,3.965150906436265,2.278993520298908,-5.3964533170848945,-1.3329297141309084,0.8211878783177197,0.025240248160967253,0.9236272267458998,1.0943569108810052
1,216,-2.9840675467022604,-3.1501895954126042,-0.30222758992585236,0.6829894105459889,-1.715278864521813,-0.662684890541323,1.179573424654436,0.33736547333837297,0.002109175955195341,1.275819460345518,0.37373783751122225,-0.5788982775564958,1.4672115431261028,-0.36060094353674577,0.9348404667131767,0.5271639210911189,-0.9806199672131518,-0.960085770894695,-0.06530236950966117,0.48076610126555935,-0.952995348466595
0,229,-1.3980771242845422,2.63277227969622,-1.5484353722694133,0.5907928040986714,-1.081503680076105,-1.232635697599045,1.7553702668639657,2.606536136773402,-1.459757383556935,0.32021753160278454,0.3306846347544052,-0.007092807741468093,-1.1489635008938854,0.5381017488034042,0.5738409654985872,1.751599353113391,0.0019443162823664913,0.8442731839138549,0.61080414453608,1.4560834233676387,-2.6939344668117013
1,172,-4.478252584594869,-5.185376686618686,0.3715813143850844,-0.7537766055120265,-2.4156607616076715,-1.018546846746417,1.2709614483080023,0.7094190119606235,1.9371896294171977,1.3675945806361265,0.4018303393969115,-0.4614364559733806,-1.0745987250829254,0.6311173416351646,0.9438641198866987,1.5425383748921624,0.3311121796042668,-0.16928885198677598,0.44951417797982823,-0.8192341033689249,0.9186569384677625
0,45,3.6575228033984306,11.026155479422851,-0.8343785944989498,-0.04417320285441377,2.6449397027765817,-1.250997710351538,-1.1658029428063543,-0.288272043816412,3.1810939788232844,-0.3563739785578954,2.074877552208683,-0.37913865603909414,-3.57130376994565,0.6753928759888745,2.267524488091777,-0.3496578860015421,-2.673825981254818,2.4377543513287714,0.38634637990056475,-0.8421837763687041,1.7005347805784794
1,147,-0.22257679749338768,2.547688329211549,-0.11622823969857793,1.1329563186229927,-1.7518620289348872,-0.8590746514530239,-2.8082155523510464,-1.6096448374364472,-0.9791097555856707,0.3556078214269062,-1.1468167861200547,-1.9745886542744462,-0.49928312453708645,0.20169257824261919,1.696857455243683,-0.029570263844452247,-0.4915695635361957,0.14899362349092926,0.683985986826262,-0.37950408543838354,-1.1609553414897138
0,34,-5.065392387818616,1.6142128165507603,-0.6062254533426191,-2.283226517906628,3.7600642577624916,4.629129381885376,-1.2732375284356439,0.5499036478588061,-2.219612446579335,1.8157962518274438,-0.9811182820020362,2.3037230983201775,3.152100363757814,0.8335592603977058,1.8290707689349728,0.2754788472077797,0.600149425714481,-0.7519136805663013,-1.039927121737516,0.6039834127727246,-0.07350340908090758
1,385,-3.434963180886127,-2.3169190419560284,-0.06582152556468934,1.5451005080168843,-1.065267793022736,-0.3951335376265324,2.0062302535948198,0.8463646785256987,1.4591566951684132,-0.9884633796034247,-1.4203077466089336,0.05430027164992526,0.23271362242937046,-0.5372207698869191,0.19621077367367917,-0.07930591990769974,-0.5548854579350887,0.18474882216567295,0.186733536792431,0.9901969783261808,-0.2812992703330238
1,185,-4.831059564538124,-3.890803400838381,0.3463321053671231,-0.6526533127435181,-1.793442776334636,-1.2598432228635912,-0.6678702453201215,-0.6521280168755893,1.3925682622678794,-0.08225405770602456,0.9886914034778881,-1.5518407290480105,-0.5505532076652153,0.04124241448265237,-0.2319824187076048,0.37394671745201624,-1.4255211434075865,0.9299275096440766,0.5781616595206113,-1.0238998045177758,0.5292624887100447
2,126,-5.4273581564882685,-1.4358757777785762,-0.9651820498421965,-0.7290461143168685,1.2377744815420773,2.8903145114946387,0.36293625508375166,2.979761078195716,-0.84711794081588,1.2141854231533327,-1.014095626104094,-0.2624347140504377,-0.620248814921175,-0.34052248006837277,-2.132074087183062,0.7686048873360926,0.13136335262147453,1.4096865231891185,-1.0372761910349313,-1.3212034378088766,-0.000539609955255175
2,241,-2.9234948937906795,-0.5360544080122934,0.45078224513214554,0.9523296281417223,-1.9003762125755272,-1.8913584657363434,1.3192742378736004,0.5838738308980747,1.5745267199035706,-0.1525655413485255,-0.9397709151525648,0.28429925265693345,-0.41225630470226343,-0.7966430692005452,-0.08735969026914336,0.09681790465376934,0.07869947531559573,-0.8360822487898825,0.6374502840565924,1.0539719847816564,-0.6154121592168921
0,370,-2.6008377672304097,0.8952350195520322,-0.3357105850710209,-1.3698782247226895,-1.3670809627055396,-1.544578889702319,-1.5417554233482673,0.16089028237933978,-0.6391821878943051,0.22444221759784727,0.01723949618890318,0.09994094825388448,-2.1810743426625048,0.2494323593862034,-0.8269084760686533,1.3511879528572597,0.7537340922413291,-0.10846779143349125,1.1518275547162435,-1.0607511332753452,0.7893511610628736
1,162,-3.1401397434632092,-0.046736870908480534,-0.7908556699390448,-0.36359689991744804,-0.4070504602577012,-0.09545671551026784,1.605193183160035,1.3861148446696114,-0.07397376125963563,1.8208499958675692,0.372363466697471,0.11652949579843015,0.2458730773792452,-0.55155391649343,-0.7971290176000622,0.31025796341338296,-0.4474579269464978,-1.2716349497619406,0.5185399246330804,0.5601401334540018,0.13216797699380958
0,212,-1.9183522268692499,0.25783912032627393,0.028779973857135013,0.053019786996485914,0.4289999493686711,-0.6785806039015708,-1.765204890397663,0.4233322118597159,-2.839689321478838,-0.041657629303424815,-1.1689386362610545,0.4383069704274261,-2.053167536942564,1.3469832595270756,2.243462422975018,0.7846183565586734,-0.624726131870817,0.9261967589930381,0.9040481150295798,-0.22646340367396936,-1.2472674352529007
1,256,-2.4911779295490333,2.6953768547382073,-0.5502385936688496,1.2516113083621083,0.0018914304532497662,-0.30509352923986616,2.635884024748241,1.6421212330058736,0.32205672906099264,-0.6373006101419312,-0.6608616851057896,2.215872344126061,0.44864071821898793,-1.4707331551628016,0.46298388849104116,-0.44743657939392345,0.20172906392493142,-0.3080354757489262,-0.035039223852713186,2.2325829136293596,-0.4745869460851102
0,455,-1.4077889469147882,5.585189788718266,-0.8913021965910324,1.6288710721965134,0.3022473354949123,0.26980627631403103,-0.5855555981242057,-0.12342668341976834,-2.540604651151725,-1.6160101381971075,1.028056466025871,-1.1795990193148482,3.0653935406475052,-1.969148031408301,-0.21260078208170738,-0.5816268255559596,-0.0933412898115097,0.0584179574768503,1.57135829839419,-1.051141147226092,0.6865183334337597
2,396,3.9729296385884876,8.041546978014843,8.680328080246362,2.6588959986822434,-7.001100549341826,-2.2122747609759146,-10.489825491837532,5.672450773229658,-2.4276087297253,-5.079677541708267,1.0168175368994925,-5.853380131573088,4.719089955315464,1.2672772362021119,-2.6533875899809654,1.2002631509824564,-0.6008365461803807,-0.7986998597150485,-3.129869712658015,-0.8423507244924932,1.9883927703916617
2,421,-3.323506911614874,-0.6461362475683023,0.2633832194993171,-0.10471879957455914,-0.8045496495902009,-1.2519660354381719,-0.7969476171773533,-1.0214365685910738,1.1708637694794402,-1.3825630212014115,-0.14276766940312785,-0.05361398149010889,-0.45277649555876953,0.19948664180665962,-0.30322432197593285,-0.3881404277288386,-0.22194001795991988,-0.23006102257247776,0.004471331157170085,0.5699799145471942,-0.4579580286721783
0,254,-2.869468063645178,3.1517483268665045,-1.2422797972730242,-1.716649918047058,1.9725172517462488,1.397734653759431,-1.3505710480234294,-1.015057835232236,-0.8918357486748256,-0.11148494071442248,1.271792125808952,-0.7897996607968415,0.3990542198855437,0.2621705469113275,-0.8086849886557339,-0.2792517715902156,-0.31293912147125286,-1.2170256902536476,1.219859645230647,-0.5093666819446141,-0.013197542284348041
0,459,-6.138089513490754,-2.969847178334706,-0.3541291123655979,-0.7646135713989053,0.7347711381859057,1.7449696024058887,0.019034421000750666,0.9541315073888855,-1.1602862134420135,-0.47464407773476003,-1.2490260517774918,1.786380388732404,0.5038900125142853,-0.10377424877797496,-0.09089988351212586,0.17315698110344696,0.2535102870160197,1.0645535153483197,-1.0750634676171489,-1.030037002987576,-0.31219750443907024
2,188,4.016755131009026,-0.41305625068316015,3.5685252547494177,0.23313897346533213,-0.7960570597297281,-1.7659837962374185,2.4754587422737164,-0.7859006780096075,1.830423666848689,1.0426042990084627,0.13535176833570672,0.715109078819873,1.141353816671866,0.13916309875834962,-0.3645337835476501,-2.4470984045105504,0.9473709174985393,0.7006714919203065,-0.5542175759257222,1.1790233089915827,-1.0248480805978097
2,100,-1.3811258202102294,1.8648738029314649,-1.4390589267506286,0.32120898817234583,-0.8153890213983308,-1.0673191289988058,0.4491905329769793,0.15842383627994183,-0.2445755163353899,0.6156260312986518,1.3783272342918602,-0.9332334830487885,-0.09807342574054904,0.3315828591822775,1.418777786391582,-0.14682259178438403,0.7196817829367597,-0.7221557959109978,0.3702047810802031,-0.08141848144607536,-1.409065994898945
2,23,9.065483598660098,-3.9044594598869335,-3.8271042390529506,-1.3034488113830824,0.8448300457124867,-2.336898494230456,0.044778746519276276,3.037201704442974,1.9931758357688016,-1.008167347242889,-1.8428020961159837,-2.8237863061398243,0.2610431579674347,-2.360341775054302,2.108432907356388,0.32348977196992107,-1.2155149511649457,-2.0501275132268564,-3.4672779482106892,0.5898669362063151,0.4802054890392528
0,148,-3.0761780522646993,2.165263622235429,-1.5585989195174765,-0.32581108603041004,-0.04555534809443848,-0.6944279655201026,-0.5094081901223708,0.5235524842164414,-2.1790082790345013,-0.14000500982561193,0.2055305750260753,0.23764160949511043,-0.7052049663954518,-0.4031905802382558,0.18247394736708256,1.4530988095382762,0.8497313681515092,0.06549866208451652,1.5714515033733487,-1.3379360337685051,0.1647177136571945
1,292,-1.434989448712538,-1.737269139168342,-0.46574467720093393,-2.822522726007254,0.02662328959506925,1.8347584538033195,-1.2899122852558984,-1.9944911501782945,0.8536018942925171,0.4661228746054462,-0.10383451795719302,-0.5598547222714545,-0.7791494903588909,1.6841963170219623,0.6965524437780358,0.8253458430098274,0.035157670752253935,-0.40849406827413187,0.82886100101855,0.5198324822631659,-0.5750860098876903
1,286,-0.44379398716521357,0.6585905640111661,-0.393468031830757,-0.5690772716111829,-0.470117745944927,-1.1176766830197076,1.10510451508247,-0.16029052894905854,-0.2847682811801702,2.0602684030998404,1.0735035532624462,-0.37149562977629935,0.27803660592742885,-0.7777880864689448,-0.9357388221400539,0.04973777937165002,0.9158411254628218,-0.2752731738281557,0.7957846468799659,-1.5478542663885644,0.11752740549433298
0,272,-4.357152955731242,-0.662430551686081,-0.4580922467738702,-1.177910648776607,1.8168560413378316,1.0511565891998107,-0.8030827288387848,-1.3466682328693957,-1.9535221478338705,-1.0490953348469887,0.25142487128289637,1.2800465390729574,0.9332956191099085,-1.0572237863035103,-0.9509593674230898,-0.6286964205504624,-0.3988169444389399,-0.6724493337082241,-0.07014354344657511,-0.6789692245651325,0.3736094216386659
0,141,-2.8285758020601692,1.54864509052081,-0.8610383727332617,-1.3867266526093949,1.7880177477753616,0.5299339968402641,-0.9495071937938339,0.19522553895212716,-0.3583108820696841,-1.6920944894085277,0.2098459034102468,0.6020936435675187,-2.319601519524561,0.0990183153437484,-1.4906774612978624,0.4115856508021226,0.2709813487819639,0.46624849472679747,0.1246324213612575,0.1630621427538979,-0.5814656633961887
2,42,15.887742347063591,-5.639323421932207,8.069996495279147,4.814309566553397,13.315491300319518,-3.7399571362168564,-1.8565830568348227,-3.2418145312056037,-8.104361061974746,7.003373462683063,2.435133740940412,-2.025333325836997,-0.5747594966920325,-4.410160389582463,-2.002588026168081,2.361353103280615,3.236810046005519,1.7064201647617299,0.5711541032070585,2.4135209503761175,0.37422968272345203
1,347,-1.992594997521466,-3.96071464339989,1.4210833622179968,-1.38868116483068,-1.7002912317536825,-1.1481074454302218,0.5941886622362416,-0.01819678277829497,1.754280893577008,2.188369507065959,0.4747186460662777,-0.33821954315170605,-0.31995279318766967,0.1107126442688989,0.7824347655549224,1.4504068879288419,-0.060739207097302246,0.7623477754845359,0.41798556465123576,-0.5309665809728261,-0.8426687181533151
1,99,-5.106834108573582,-2.8073280523786917,-0.32297157417069305,-1.3468225860179028,1.960690888303068,3.584163868465019,0.634017050704481,2.64523691127268,-1.421346356200838,1.1163783169966206,-1.2998859705661905,2.144981177965264,1.0005517346495276,0.06876340596123687,-0.27850988748896455,1.013728867266688,-0.06836627963625067,0.9936190269252408,-1.195491876546061,-0.511266933895944,0.025756283429173122
1,435,-2.782952398271526,1.1789383411960463,-1.1754614109903438,0.34596751305545526,0.30945032392702027,-0.3476797829501683,0.0738866896939328,-0.7530904609348832,-0.7492866184430689,-1.6202239087971695,-0.11953621431351877,1.0664385659910598,1.339614625135667,-0.20293780355853294,0.03184587649827656,-1.3207133745254296,1.2961878286607957,-0.9273000696010951,0.10878565031779905,-1.081036789365121,0.6700340720088034
2,334,-4.814603647639002,-1.9877690278525073,0.4401244127154445,-0.26880984269437314,-1.3469043581502627,-1.2580648515169135,-0.8121840054481845,-0.1756967514348635,-0.6557103054924786,-0.5273032634642827,-1.1915680027152422,0.21313433120331968,0.16944097993439552,-0.946286190508088,-1.0037672739199766,-0.8083604131071964,-0.17324060335813193,-0.3677357953094121,0.563221893208578,0.4459098278631453,0.5384378373001083
2,273,2.033471481939143,7.749950531756495,0.951431570527656,4.174728075443345,-2.1534923636434056,-3.154277171950222,-3.7465993195630993,-0.4359456439315733,-1.735269534366617,-0.6533103194132036,-3.94197474124325,-2.8048734040247845,-0.35035660632651944,-0.8571032244893652,1.1853679515408786,-1.6770801928413592,-1.3809063357880815,0.6662263136210322,-1.388652426361748,0.5725813590005211,-2.295255446807171
2,117,-2.8119035851106786,-3.1307106462346384,0.47388420510595186,-1.1090770139521093,-3.1374846892190216,-2.4127277095453006,-0.2753916081220162,-1.5628784867894958,1.2549276198547985,0.8292142236534349,0.2721955490078751,0.06734036061912779,1.245594609769112,-1.943460694095234,-1.148387040249808,-0.04894724860026776,1.4535715679698928,-0.394529239766966,0.702075060980957,-1.2876364576199208,1.11017528751285
0,295,-2.608339422810147,4.067209825699735,-1.8458087933528635,-2.0784068057367318,2.1355931246993407,0.9647035207832855,-1.0286553826448506,0.4446513426741514,-2.4492146005449613,0.6489116453957763,1.2609670316103334,1.0317804829485342,0.012667999110844916,-0.1467918781214307,-0.5637198840540886,-0.9924693144131974,-0.49502873645926976,-0.2626790452332244,-1.070657427381946,-0.16455959418055544,0.28622221546809135
0,311,-1.8582409399496351,3.6071404040308623,-1.562889726067552,-3.420238945883572,2.3674769602088066,1.1133410904480139,-1.7434759813637861,-2.7602375133239274,-0.28217814451731826,0.1462966895685609,2.200177114054662,0.8435594084981474,0.8015201425362837,0.07427475324798478,-0.9363402885203668,0.5379919324924941,-1.925948732330293,-1.7742994646697485,1.2867278197899361,-0.7671819748404456,0.1038026803251033
0,379,-5.920656165899007,-3.41377879590375,-0.5588130972822597,0.18811027849928458,0.07799392761926098,0.9566477997085271,0.8699917624214123,1.45799756653468,-1.7696074213134823,-0.5767602296032417,-1.2403669140898688,2.192126084536289,0.5806517252121036,-0.7347884767575614,-0.19919192806904915,-0.39478770617193726,0.6100987846749074,0.8990089725925928,-1.1717149977216164,-0.8347810750997672,-0.6776676109614121
2,445,-0.005473003999098658,4.793861375447624,-1.6460009218673095,-0.11757144175168084,0.25665353068857527,0.024412333437911604,-0.1972701938726906,-0.10562171962592415,0.002711029770950085,0.651350841564697,0.6488874340443762,-2.75163325873521,0.43666283896881586,-0.9017473934943112,-0.5126952137962076,-0.3521319638172277,0.2948665459526447,-0.05800139963255596,0.514971528225554,-0.35327228852013537,0.17341015526948048
1,398,0.8878758206865474,-9.127534551596835,3.8212623905378322,3.851196967259151,1.897637561702494,-1.2174379254971148,-0.3719451949764647,-1.5445019025116713,-1.817301391531007,1.5442853187546899,1.9432509128046505,-1.2414178627523489,-0.9074721852492721,-1.0355568282301713,3.101449586617336,-0.1460142580173578,0.1870921325603264,-1.212174958994884,-0.43302939596136103,1.127348731078628,-1.1343350012233078
2,222,10.838363851053836,1.799854068719207,4.391711182434726,1.6676220371544503,2.8920677897447566,-0.4464115913957091,0.777552352056655,-2.0288259222947267,0.9195299856411795,5.651262860108238,-1.0008843945245762,0.4011682855885283,1.0203546652899445,2.7643399369278683,1.0962594609430751,-0.6150614471026751,0.42554454263805674,-0.08291194264095227,1.4218821440815925,-1.1433582153972324,-2.30242479188681
2,16,2.4021209193967996,5.019480417313522,0.30816340328532177,1.4688694907210589,1.895728892481563,1.664859863490506,3.467490188023679,2.497010017510681,1.8934185510303938,-0.04821479432500053,-1.6164689843925137,2.001975339251545,-0.40238153459551307,-1.3837671217348309,-0.6029874262049237,-0.7207104555722497,0.20002240406866806,0.4929103930201949,-1.3915496209713807,2.0934746653911143,-1.0960882237396892
1,219,3.5326111497102928,6.199671272674893,0.9036817613480707,-0.6951045325638849,-0.5875145215539034,-0.23123798646459212,-1.365078556639238,1.2514277103062497,1.235342660778442,1.4688439498466577,0.8791121260306565,-0.8225651524630391,1.2567696185561557,0.46599697292112696,-0.4461211104209732,0.9572064155249919,0.2701703633455211,-1.148355586065846,1.1047089071230913,3.382713940287433,-1.2679491255022555
1,393,-3.01844160421977,-0.6533332496084275,-0.7552583456649359,-0.3614945810181668,-1.0882551757363015,-0.050295324251406114,0.1384415555513396,-1.3076716770581363,-1.2932449784237712,1.0422303666340853,-0.15050792238005245,-0.07977292516501704,1.967747669600281,0.45846413630431615,1.3599404573700018,-0.7355579037941432,-1.026866619213403,-2.155389819770717,1.0069823631155452,1.429228548086794,1.0310450225731709
0,416,-3.172543853059695,-0.788166395386845,-0.8917540410543765,-0.8078598587288047,0.028551462410013256,-0.03506417372842176,0.42182684304787926,0.916095951225181,0.27190681213831946,0.9207051216431822,0.16232702919777964,-0.11685537268455885,-0.2500048893693149,0.06223064462388223,-0.41378750572114215,0.6407339448147161,0.28152734811745206,-0.016221385596532543,0.14291923349521946,-0.9130352638934583,0.33282233775971465
1,71,20.26314480606229,4.112762259914196,32.206703662767175,8.307075134940217,-1.2627467657005087,2.9863180618293836,4.759236422733905,4.157236304987701,-1.9950295733928076,-4.881762261252773,-1.1429184274536939,1.348891167736923,2.120813104625031,1.5845603357995386,0.6148359092983356,3.7505941480622114,1.7302962439588088,-0.9549048390440057,2.416489623563902,-0.4961174664463538,1.869457802644962
2,200,2.5678453199197953,0.3427428961835159,0.6692394405856774,-1.4812227872095551,1.3423591838951832,2.0602236161361027,-0.09220570758490683,-1.5003725512386608,0.8854231709131815,0.9685997991487316,0.9711562422257038,-2.619660103034465,0.05637880334276362,1.3671979523264233,-0.5337340755193478,0.20657415195967974,0.6138107310364933,-0.04730707797842652,-0.1063422602302332,0.47544022900667654,-0.6018862162042526
0,204,-3.6277446843399828,-3.213987814307329,3.151113161338351,-1.3211151340186953,1.2239655283336368,2.2044968803239167,0.16187148723155848,-1.5379202024539653,6.803462375951191,-5.060101182988288,-1.1038304833578785,-0.15513889327261435,-0.29071357010458476,1.9295586964790963,-0.8513204708928669,1.7616288177291,-0.27686906160672564,-0.3022958593208274,1.0231930581047952,2.4922662220689125,-1.4879939876914323
0,251,-1.8464136190426172,1.3313288358384592,-1.2403121780599577,-2.449211724535045,4.886975597671062,4.07520139070003,-1.599930357955971,-2.726729979205384,-1.0412840773487833,0.25079287315120685,1.3297190416178126,-0.745695726743408,0.4156938935754867,-0.3695684444883945,-2.5671303650583632,-0.08236619734066226,0.9380074438814091,-2.0161476085825516,0.6437670168983604,-1.2968042891633331,1.0521718566684757
1,49,-1.4135470410467168,4.41190557054279,-1.1855040458079356,-1.6898450984438336,2.049292649013742,1.2308611001229386,-1.6967252552725511,-0.3068783367262471,-0.4227505782362454,0.1115303962510548,0.2926554736041795,-1.6949419967474095,-0.43511512776913946,0.6141871224787465,-1.3866591506222172,-0.5601008760127869,-0.454010534159737,-0.32122496540738465,-0.23617749104342745,1.2914217959175651,-1.1874788362091446
1,305,-2.687063816553667,1.4351590677746848,-0.8295327488505383,-0.5097078247883534,0.057967055765693845,0.13367779803882868,-0.5945723383807696,0.34545275982911616,-0.8607368733120184,-0.3277933633429378,-0.5468935152798118,0.11616305745601475,0.18222022765157941,0.2551538769992655,-0.1110504643640598,-0.18603693388970277,-0.5141349861814508,0.18494137688290876,-0.48644305242083113,1.1996913702600094,-1.1165074641635448
1,239,0.5002461385568125,-3.4654051281115885,0.2324578980729088,-1.1502754850523158,-4.116618077492884,-1.8705397949802975,1.4332322996185949,-0.5892594087112137,3.230478067502463,1.9359777531044258,1.3842141676068678,-1.952594022062797,-1.4414102538936264,0.7017528640856981,-0.31127809503706144,1.404159259901609,0.7009224939696802,1.8001514712147755,0.08081440277509627,-0.8773862162615111,-0.1188680576191216
2,24,-3.5314522659149863,0.2764195269607875,-0.7091516461846128,1.8262430277905743,-1.3972950262803219,-1.0548450723908152,1.9308571897682236,2.8524840961122084,-0.26399406959828464,0.8192686504504154,-0.951292122181982,-0.5798864065879393,-0.4235042824545664,-0.6679856433225162,-0.6921715585727272,-0.16470525896669638,-0.7712290683863036,-0.43700684119993305,-0.2544999197888154,1.553309671811339,-0.24501545120502652
0,230,-3.893168070320165,-1.2280094941878177,-0.17554879995747574,0.28160187235593265,-0.29681163872063954,-0.19141607896569116,0.3122544454743483,1.3121235808195666,-1.2557822812611747,-0.9243039445360068,-0.8620260322125635,0.015451895596983855,-1.5309028782337375,-0.05447987637288587,-1.18510626256136,-0.4077450542728946,0.5359042363365676,0.37087099992290595,-0.5560982318271536,-0.07616538064718933,-0.2970649674866197
0,165,-5.850897969946069,-3.4129845725830057,1.1555874570570357,-2.2594818025449874,1.892790014742084,1.8811562492981693,-1.798617053716908,-1.0094237341917094,1.7981903289968604,-4.360026725336727,-1.0495246676442607,-0.006568936073055815,-2.3803990454141237,0.7040929251864599,-3.0158324550260542,-0.1148109062618833,-1.0555439703558152,1.5737506526968694,1.329320752050214,1.2478922729246587,1.1121219912180764
2,70,-0.6151938798137794,-5.608487656190009,0.6912310880502098,-0.013472889378930134,-1.959410756232124,-0.23737702434306276,-0.7445193339287189,-3.0139621018102627,2.4033035566410184,-1.2214095013556543,-1.4812010882630464,-2.8295151822445948,2.3137892524240913,-0.8291079419333786,-1.0362836923270347,-0.26120986753830494,0.017847020397747382,0.5197186961395875,0.26710146445465904,-1.817558047224905,-1.2509649814164903
2,317,-1.0195286902144347,6.727047968988771,-2.5212734924951463,0.30457872339451464,2.104569076266133,1.7160696097067738,0.7275517377663495,3.725092558983711,0.4609488359331639,1.6741965927923046,1.2938640857160284,-3.6682176993490416,-3.3863550801046896,0.05553383351827738,-0.7188502809690679,-1.1772538470816167,-0.8441712655859315,1.830109757465417,-0.3695754203277973,-0.10565000254718365,1.228426438351
1,14,-5.5607809127421755,-5.000256639261806,0.012136593097425548,0.09331301937348395,-0.557146297301247,0.6541562741121844,-0.029713454177930095,0.07915080298925539,0.4098692314051167,-0.9606523122347688,-0.3605446567797791,-0.0852857110053167,-0.31089650901841726,-0.022183541156654343,0.18616905523514415,0.05217762569778,0.084880049931402,0.748779227248546,0.10539317751692547,-0.9015582111098933,0.41155005959734625
0,231,-4.05092347358991,-1.5478671696787436,0.019086427084373078,0.07270669345669982,-0.4059327996422759,-1.7897634249845502,-1.804629127954923,-0.8975022921224423,-1.8173270267711945,-1.4328684595242673,-0.47486667679936573,0.4522963780285593,-1.037107533547715,0.24984957216021283,1.5136990452367738,-0.5813431617408068,0.907390935796933,0.33215746838153165,0.7372550686157466,-0.6013482020316674,0.24407150637516345
2,11,1.2954883560749584,7.46175147619436,-3.415566384147617,1.2095258544063332,0.8248400914767507,-0.5266790843734055,2.583729893562167,1.2377648064090425,-1.159201258879805,1.1481851429314427,2.6051300250756744,-0.7370644192380441,1.6801504840695658,-1.232434184130835,2.2199804983421156,0.4629407948027749,-2.987549888540247,0.5683772606878742,0.9693302439320729,1.0253219069205308,-1.6656536395417294
1,263,-1.37247060843005,-3.3005020730902808,-1.0466592630354905,-1.0177189720831135,0.2821324609348137,-0.5118614397208769,0.8683841206250157,-0.5351653515581419,0.7339963919527452,2.973029904032185,1.411400131987807,-0.36623129652041875,1.9144699712032696,-0.3212583337656381,0.3287071068076802,1.5457904457651361,-2.0386604265004378,-1.2276567306652846,0.9237887238967306,-0.5840901759325143,0.055146748143938586
1,157,-3.0572050923951695,-5.742005651500991,0.004871873500632157,-0.3292614794285292,-2.8108262174559298,-2.338947054706027,0.6572180801490057,-0.5411998904469769,0.2843658646092374,0.19095815342173963,-0.05828652233157099,-0.16165257162587843,0.5033316335704969,-0.9047190847989326,-0.06453988816262612,-0.021104962547335814,0.024536806065592203,0.1320206320825922,0.6181438768475743,0.5590965426675155,0.9697199333359131
1,237,-0.6610744315131556,-0.28992043754215935,-1.2614686445424297,1.1364695099037843,-0.809859635182043,1.6717808336142264,-0.39671631022282533,0.4763872877083038,1.1084330859471752,0.9469872130263169,0.8480541628628671,-1.292507491427824,-0.35780969941657575,0.16126805339894515,0.8044400873224403,-0.28882901504277647,0.3632399886647972,-0.022278080291287507,-0.28156517141419374,0.4626948100797998,-0.15828302011135942
2,340,1.8042368285044454,1.5028551605112628,0.7740869691551211,2.6859869167877504,-1.602384971031338,-3.283426932302949,-1.4350288445150456,-0.0037584817419308277,-1.6207238099144146,2.9116915457670736,-3.099182496053269,-0.9114114250206405,-0.9479880298094931,-0.38356133516043334,1.9614484697338828,-0.3960778452878637,-2.0699224438622035,0.9647613054844589,-0.13000817232617812,-2.5977804976966405,0.9446952797131914
0,160,-5.3130546713269675,-0.3284813599867611,-0.2413754504272109,-1.6758835347982466,1.9518420185870529,2.2971171962597317,-2.107269422000527,-1.4544373409679956,-1.129346053092469,-0.9988009419812608,-0.5209227755777879,2.575041212919368,2.047884099266541,0.7497631719869775,2.280270427952527,-0.4697370647401377,-1.5804404441361144,1.1422099133850667,-1.2619492027054058,0.20884418245168665,-0.3027143796552281
1,169,-1.934875517559292,2.5561019050811957,-0.2321754522436625,-0.7568161574178911,-0.65964729358697,-2.1417738379312734,-2.0858752240691496,0.3284537113604549,-0.4845584479471082,0.3273781708793246,-0.617107892796582,-0.8968116854253169,-3.1010961782390654,1.957142484477039,2.1509914869590228,1.6289877948888345,2.064922932606237,0.09220723394950958,1.8579259240972312,0.13454966254917647,0.11444531460039939
1,69,-4.452222905539115,1.2619200949980465,-0.4382794022731137,-1.1228191646046974,1.5915987937499856,1.5971929797041848,-0.06191552723803226,0.6095302855044084,-0.9566471186876785,0.8146709870964163,-0.8023740505741259,0.6834996511811694,1.3360375010017993,-0.20918111815921325,-0.802480108394678,-0.4730302695378939,0.108022432537035,-0.7695886009193249,-0.5011594356333067,1.7176186686267498,-0.17406761559997191
1,245,-0.31758035636376664,-3.0086834768663553,0.3907966199639363,0.12936766010314876,-1.995311511931531,-1.336535136332824,0.5592668308349199,-2.1656411329982883,0.40808253865297506,-1.5042735712982094,0.7000958721484783,-1.1125442552320237,0.2352383152267809,-0.5380524828240019,0.3315037426596745,-0.6374546907396665,0.21996878527125707,-0.6322680954087827,0.8156879571859017,0.08691278434100444,-1.0538240470787672
0,62,2.0117638600162717,-2.7551076745971113,-2.3611441940984537,-3.1353809818159255,-5.085366545474668,3.858906885123941,0.1138982112656687,-3.6420768737177376,-1.412022440932337,-1.4515263936313794,-2.6900177215815777,0.354727806395971,1.0780660041252506,1.832380313770259,-1.6563137571173554,-0.15354936224437601,-0.6620864500013984,2.373085069317882,0.07520903812957176,0.7903811468867603,3.247673768631763
0,466,-3.435768161533152,1.2639651008816906,-1.0545439605979074,0.41220744613982563,-1.0184069227512917,-1.224484668370278,-0.12220574685487916,0.8168457283827621,-1.2356635540706562,-0.1850354930956897,-0.2556269211821526,-0.7668900436684994,-0.6385999132318517,-0.11809194233036746,-0.46401518787913376,-0.6109365643477227,-0.23109100248922587,-0.1852322906809945,0.8588397134832915,0.9305887078980482,0.7053242915123791
0,134,-3.714695333490658,2.851336733085516,-0.5105683748600462,-0.7490483510576104,2.8920644718705577,3.1678405208673284,1.7493087316328821,2.740675524657946,-0.04583503229523683,-0.3948726944499799,-0.2116690454175972,0.9893659413473512,-1.9969668151992366,-1.294030013951193,-2.0768259228044315,0.47529902621415465,1.626301424218232,-0.36157536676279944,-0.7339793459386832,-1.2574560568410365,0.7234585361230762
1,341,-6.3519351155324735,-4.391465803128315,0.09378218963813295,0.5288554130403488,-0.7536505685313248,-0.49720312154942053,-0.11539757895415499,0.4090487965582656,-0.990388278930277,-2.131199864040232,-1.5473511639686246,0.8608633826042107,-1.146361326906051,-0.5981343993375114,-0.7424624515657914,-0.7023106528959993,1.2660025916482318,0.2785182128883703,0.5040630437998788,-0.7891097772854342,0.5810114301190297
1,377,8.16917413564001,-0.4666558025607953,3.415439497763871,-0.25922814870480143,6.490974751641819,5.165137296127357,3.7144765271981446,0.44107680225512724,4.749254391527243,0.05040805778120521,-1.293781824320618,-2.2298583122432363,0.7552726477397688,-0.3715560763264051,1.7492702248821252,-0.44691392726284657,2.3673921862304472,0.6043672147180523,-0.03393729481357365,-1.1547731293584012,-0.692417892098547
0,27,-0.6035112416592665,5.514008410741344,-2.7457906669273586,1.5651360763634963,0.9869368364404366,-2.161524615651621,2.0568889516328848,1.264809567728015,-2.444467357550456,-1.6776199646636598,1.0723488891762976,3.2225342125324716,-0.47064755821060045,-0.14732354476548026,1.9800253537927963,-1.2277964990262387,2.629202855404808,-2.03630659504825,0.050881517694575745,-0.4071754916044577,1.0804204701751763
2,103,9.40792131985472,-0.5218752346653,17.56883632119067,-2.9049307206107704,-1.0351774297317013,-0.6833169176898949,1.2014825385837065,3.1380762077338735,-0.5552400869719823,1.8207170336043235,5.529286643782799,3.9341060032394823,-1.959669168968542,4.056200568720285,-3.1366067898264762,-6.394923762565524,-2.810337429263498,1.2854383886403298,1.8938051729930265,-3.295846740071011,-2.78738106707218
1,464,-0.39190790036064815,0.9815442599417724,-0.826286918010477,-0.8208445758730804,-1.0307440414383726,-0.04632024648232153,2.0244802196161173,0.5036197559238679,1.3414476635065806,2.7523029288655314,2.0223540444782158,-0.9558804152257752,0.9300803150977728,-0.7700142080717207,-1.9778466911931372,0.5827959640324356,-0.5522130558044781,-1.2751425725097338,0.9155884260414794,-0.206915606458124,-0.45455124140659686
1,223,5.241519845891454,-5.4713126018074085,-1.8456624797348542,5.891049865197015,-13.108541623103164,11.709172726455224,-5.154293714370286,0.29336218596403696,0.8731454286597005,-1.0878891061381202,9.96499679492852,1.7478668272431346,-2.233483856266365,-0.3273960996262055,3.168010514388086,0.9114830681752826,1.9583497379275556,-0.11114159307265087,-2.882702011288765,0.8341734648090636,0.5260010329375209
0,152,-2.334717222339485,1.102082452975978,0.6883089870059806,-0.6991847573992547,-1.3368921115597363,-0.8388204672481157,-1.300292171885895,1.9442404736926275,-0.9889374634402776,1.8855569971082737,-1.1174507836753889,-0.7190127212186923,-0.46567422288569776,0.19526310694749602,-0.1651099791498802,1.0214499998719764,0.5782143817022889,1.0980119894607956,-0.4807118897373194,0.6314353498060686,-0.5632707319496679
1,244,-3.1761233644812537,-0.6769491371400358,-0.4114308031205599,-0.24591170892574618,-0.6329039502752063,0.8155413302254408,-2.0468069112114287,-0.20034255188001876,-0.08317402681175055,0.740713187273521,0.29274328799571464,-0.5668445712431254,-1.8653034390752454,0.6788527761183144,1.004972628833024,0.46000104015908405,0.534834281615264,-0.8393821176865723,0.6295053350916736,0.29466775945426255,-1.214662675611222
1,127,-4.632543755022329,-3.860839132048188,-0.4726032693767568,0.2855661657255999,-1.414088720027777,-0.24280869945174682,-1.3983269956986122,-0.05758911354306864,-0.1583015235933305,-0.23759494229458636,-0.820703345864982,-0.9264500660690004,0.5545714340481787,-0.14059030604618925,0.6201553612430649,0.1594457578773998,-0.6652018941692566,1.2240105290409766,0.1963947743119891,-0.9253664580209208,-0.8704506265412885
0,389,-3.3004885747875083,1.0394700895061761,-0.5064971454182484,-0.11305226458697286,0.7037940831127223,0.18777294743439607,-1.196075701706391,-1.0796532670824865,-1.6759560820767887,-0.8625390826875695,-0.8329512462541041,1.2485983513362173,0.03471896765058125,0.4088515410799141,1.7571104016717252,-0.813499933792336,-0.39546934811916296,-0.12261808512196067,-0.41982219084102373,0.6292265268161991,-0.07668253961577015
2,64,-3.1891912737202404,-2.5691367456489616,-0.11704905782708651,0.6480556451535379,-1.458746271159441,-0.47196214593774916,0.8084156825600688,0.5997756080186843,0.910751535213297,1.165884755553634,0.32267229228009553,-2.3369015149043704,-0.17466620472839756,-0.47638144077766137,0.03235539351929999,0.7055331557404032,0.3300804597834609,-0.10858188650422596,0.6515856314561683,-1.1170949710451252,-0.1505788792827377
2,278,-2.914872387660101,1.9512636490981925,-0.4471175882759625,0.8562989684937548,0.44698493793549243,1.1435224118498228,0.27114256927146335,-1.615272780097119,-0.46786133008773007,-0.7665625640200323,0.4861533316970609,-0.9780740090766957,3.3261858896352527,-1.624720884806429,-0.9613678193026194,-1.3422449435701007,-0.6189372870453489,-0.9122942309695509,0.3572649862939942,-0.7599370457772705,-0.7055770089778867
0,193,-4.633465557209878,-2.9110838217201103,-0.23232390933962987,-0.9126193965282487,0.680113604700145,3.128102395025512,1.5419846927877525,1.2417001973785218,2.3114249585816435,0.8939805577466866,1.2730636622455604,-2.021913140208039,1.511615136121554,-1.012800041936024,-2.272428112498524,0.691851756874749,-1.8458099845406997,-0.09273915918872705,-0.20296901016717603,-0.6374512114880828,1.2495925016765494
1,135,-3.271069859001162,1.385958467912618,0.08359205301282957,-1.625035552042799,2.1982717002778274,1.4993305189373407,-1.0813169000791067,-0.8882467224797078,1.7950578711189202,-1.4140404691189656,-0.43285634006207835,0.6708367008057675,-0.21297861437567808,0.10671807060715938,0.12746350195687875,-0.08157037103570512,0.0007824008708320774,-0.5797748284568455,-0.25754907048253994,0.5562421425804855,0.2546145686818264
1,353,-5.021326823680653,-2.864540386473192,0.1958224847916712,0.34093694786883644,-1.6493311218138322,-2.097791509035417,-1.057732284943554,-0.5530181896306093,-0.4717867115013249,-1.4931096403911186,-0.9988516844625199,-0.08782042746943036,-0.7832418773688634,0.3411309216578326,0.6083081390249888,-0.893624193786774,0.3742743103513593,-0.35772368532532806,0.14025526750753198,0.5994661843219399,-0.16664939262452647
1,312,-4.4440006314406375,-4.418511730105677,0.5303778899582706,-0.6015170076820858,-1.2488223662474116,-1.344296226082078,-0.049950388506121615,-1.1156868952061614,0.35275539044564397,-1.495537320784622,-0.22510762017898076,-0.14182385702809855,-0.7044164214851644,-0.0621629114607414,-1.0597398390733095,-1.0430593522213354,0.8318525487096813,-0.6014464135536337,1.0734660567014456,0.5096653957611937,-1.4781886851220485
0,3,-1.9397146654450372,5.869523526683875,-1.1529413785539149,-0.4682884182736156,2.361878776454703,1.6204372661393749,0.3169341899535109,-1.086274695595436,-1.295705112773978,-0.0920354622523827,0.23786640125534594,1.1985239456391112,2.9155494089178773,-1.6343233186056438,-0.40320092024925064,-0.1828467929494391,-0.5321451892803121,-1.1653999964473778,0.9450171582532053,0.15063809811310935,0.3286557397768889
2,209,2.276952281048119,-0.23773748402696315,5.184754850095203,0.5379889540070822,-1.0363077160106426,0.028038745914701887,0.6053626832048454,1.5075878145741508,0.020340878456604514,0.2827775791391696,1.6629468616896255,-1.1595031705046932,0.9869249694826896,0.6274723312006355,-0.6744335790677666,0.3251464820424461,-0.6315788680950729,0.37712366070392317,-0.7248762889528981,1.0881606736127682,-0.7160689090890567
2,225,-1.3261964020705974,1.624324810561203,-0.547851649409321,-2.744428221666313,-1.0709163234789378,-0.4205169305830633,-0.4215201559017148,0.5486401669269494,0.25870751936937186,3.0798342871690823,-0.4060841935756002,1.589695468692134,1.5161291453157788,-0.31825615017245995,1.2476343859272332,2.0879380304582833,-0.41416273518467034,0.8699368349039408,0.6408723554259702,0.10640710415827032,0.7471956816955018
2,32,-3.2466606164056935,0.1456729002883113,-0.1688617383579325,-0.6922818110661206,0.5497951055567678,-0.1103288037304972,-0.16356513201187398,-0.13453833176581467,1.338054567255306,-0.37218885564706694,0.7624750835935155,0.06536131832090858,-0.1304280388053933,0.7494068573326118,0.9695586229474895,0.23443787559072546,-0.46669689541500664,-0.24619768696268274,0.11707076247923613,-0.15861976833021146,0.2987768012441557
0,419,-3.5070591092775,-0.8871659119627837,-0.6826618321599471,0.6456575334536405,-1.9964050033087224,-2.0940968345258533,0.6224699757400084,1.062350761485631,-0.3360919474414418,0.5195843170446048,0.1522879404846778,-0.30449063340079263,-1.0036685503006755,0.16355985022184877,0.07300405371624749,0.9872021052513019,-0.8388696102390791,0.26241959748407184,1.4232039489000248,-0.6665134603849769,0.73896661600328
0,320,-2.551384481618887,0.08216383897260197,-0.7249655001499806,0.8434797831532475,1.0681031990583492,1.4328591823293821,2.9800992822814667,3.39370535135683,-1.037290261753057,0.16578330131832683,-1.1359438570641365,0.8309890972504946,-2.246018382379885,0.30135999294765964,-1.3126217724136144,-1.2245067906521239,1.89241632520491,-0.6280337985691854,-1.6660343287185952,0.37989235982729547,-0.8597303411363507
1,73,-0.9696528228446797,-1.1804901993318737,-1.2055887191930459,-0.06646745012811511,-0.06351699527243629,-0.5622017663381598,-0.16250390428581704,-0.31494896137389217,2.790290504173123,0.3084176816367991,-0.2964543389832591,-1.0667572930639766,-0.764835372735908,1.252150458851847,0.9001609217370343,0.14899477723989804,0.18008478275573314,-1.6164972471803853,0.0094505992388201,-1.3980303279489321,-0.19843255596922474
2,17,-1.1703506629987963,4.885259161131972,-3.6478082630320756,1.049571576334449,-0.2079824680834245,-2.707111814801133,2.280313005042469,1.5030289340238865,-1.5158913013993072,-0.7744851345673635,3.5857511389280754,-0.48868499163490847,-0.9177138822124723,-1.0637864073808052,-0.2533021977722647,-2.0310244331080147,-1.6527123829509498,0.208855948202743,1.3595246619922476,0.9810313742472295,2.770611171849364
1,443,-3.0317966039893904,-1.744189646240567,0.16211573356563086,1.4784091905441152,0.028969560959329847,0.3628173791787108,3.051886908365642,2.172993413362469,1.2964824784926041,0.6914636310636157,-0.5027624803169854,-0.22154118523245955,0.7451920869681431,-0.9705432649292903,-0.9101138152354358,0.20501953910961132,-0.604409319537326,0.20526361433033546,-0.5642637084984862,0.9906781446403037,-0.6157096099534427
1,119,2.95668738243159,-6.53682854083626,2.8638160331630074,2.6940890272394458,4.8453825144276195,-3.2605951274625116,-0.036787139929092744,-2.6680350614283888,-2.826772196933506,1.2390448237220948,1.7227648418191301,0.37870728489114575,-2.7453493930735013,-0.022214655903840634,0.08635272819829352,1.8605580490495595,-0.8390382726560393,-0.631883394449766,-0.9057018048035611,0.5165911657047287,1.1098659061463614
1,41,-2.1014410257854745,-1.7582439516528328,0.12961626418568667,-0.4128102230684436,-1.3245179474348956,-0.7865405791714065,-1.1435557326933137,-1.9736455434907854,0.5923996132799365,0.5332245603469107,1.0606336032300883,-0.19530174315609194,0.015176276845403111,0.16057879644013912,0.6272647140786884,0.1735090556844957,-1.1596470830762808,-0.3951167179353158,-0.26075417922737393,-0.5649560118400719,-1.5474958200087785
1,406,-2.300677151095025,2.178782290831948,0.5302089389754622,0.3935006345200603,1.760035307414429,1.689556103502559,1.9744032976370758,1.447773589839451,2.5665547185420925,-0.8974177451255798,-1.9146656149781942,1.8960462039202466,0.5405323034989769,-0.583059978424302,1.4199608639304924,0.9505749248771104,0.6278887977201854,-0.1800068087026291,0.4764711249489422,0.8777492033607229,1.5510317154777427
0,78,-5.645745616463106,-1.9391319561658962,0.3859855439716982,-1.2111700081842611,1.4644949678725037,3.077151306274481,0.18464725320473957,1.9195923577744207,-1.8377501936424063,-0.5105725143958325,-1.3917571518575382,3.3522061516064987,1.2129115377580468,1.2313017231785284,0.46559984768513074,0.8696451218324616,-0.42257339433069824,1.0603266644609302,-1.2334222454942314,-0.2757227261132237,0.17711383246579226
0,167,-4.787299289409209,-2.8089277699331596,-0.5009609542116396,-0.7184881046409826,1.0992011778696216,3.189804684027423,-1.4490768041822215,0.789673483718518,-0.3372512220403144,0.44272172989608805,-0.11694710336011675,0.9433300520128484,0.15488378594189886,0.198222086147442,0.505880332186134,0.12234869061720174,0.7522073233932127,1.3460141191466144,-1.0600246995990965,-0.8619895130701759,-0.8465531903053136
1,446,-3.7965560945047785,-0.828433261670129,-0.21408250524449263,-0.5534653158880899,0.11641800375511213,0.04456133264315424,-1.4375725564385013,0.13038275371006555,-1.156386800238277,0.7417030924688798,0.08414709086453384,0.20646719528424629,-0.951017193732676,0.7423529450020915,1.4268215571733316,0.5967296886670731,0.031224688251985076,1.201259834912549,0.2681712164722131,-1.7785688537810207,-0.20498290803749347
2,118,-1.953605985764299,-1.116183425400838,0.6818702131662794,1.2344584858646852,-2.055368980977433,-2.7720767238031767,0.8319280286995411,-0.8998036280640556,1.29733209768774,-1.3541053908012535,-0.6234805887299955,0.2533978347309864,0.39906855339374553,-0.9710798794669363,-0.054968279138362185,-0.7491066866207576,0.14840129885487072,-0.25410429585517724,-0.2103357625647798,-0.15433807189450857,-0.6401022733352646
0,283,-2.475540379384099,4.815218220787066,-1.175642302653139,-1.036574314005631,1.8069791647406983,1.4119700469253416,-1.4623223712925817,0.4764630259530917,-1.7641385484887986,1.2511409817814088,0.24838070059789294,-0.08363009441025086,-0.1946846934024513,-0.1993552587284885,0.5173458290359566,0.15789401607057832,-0.6692412394610351,1.1470484097899032,1.007056594892756,-2.280164278910297,0.5273377276385163
